{
    "name": "VAVOO.TO",
    "plugin": "plugin.video.vavooto",
    "priority": 50,
    "is_resolvable": "true",
    "assert": {
        "play_movie": [
            "tmdb"
        ],
        "play_episode": [
            "showname",
            "season",
            "episode"
        ]
    },
    "play_movie": "plugin://plugin.video.vavooto/?action=get&id=movie.{tmdb}",
    "play_episode": [
        "plugin://plugin.video.vavooto/?id=series.popular.search%3D{showname_url}&action=list",
        {
            "title": "(?i)^(\\[.*\\])?{showname}(\\[.*\\])?$"
        },
        {
            "return": "true",
            "season": "^{season}$",
            "episode": "^{episode}$"
        },
        {
            "season": "^{season}$"
        },
        {
            "season": "^{season}$",
            "episode": "^{episode}$"
        }
    ],
    "make_playlist": "false"
}