{
    "name" 				: "[COLORred]x[/COLOR]Stream",
    "plugin" 			: "plugin.video.xstream",
    "priority"          : 200,
	"language"          : "de",
    "is_resolvable"     : "true",
	"assert"            :{
							"play_movie":       ["title", "year"],
							"play_episode":     ["originaltitle", "season", "episode"],
							"search_movie":     ["title"],
							"search_episode":   ["originaltitle"]  
						},    
    "play_movie" 		:[
							"plugin://plugin.video.xstream/?function=globalSearch&params=0&site=globalSearch&title=Global%20Suche&searchterm={title}",
							{"dialog": "True"}
						],
	"play_episode" 		:[
							"plugin://plugin.video.xstream/?function=globalSearch&params=0&site=globalSearch&title=Global%20Suche&searchterm={showname}",
							{"keyboard": "{originaltitle}"},
							{"dialog": "Auto"},
							{"season": "{season}"},
							{"episode": "{episode}"}
						]					
}