{
	"name" 				: "[COLORdeepskyblue]S[/COLOR][COLORwhite]erienStream[/COLOR]",
    "language"          : "de",
    "plugin"            : "plugin.video.xstream",
	"is_resolvable"     : "true",
	"play_episode"      : [
                       	"plugin://plugin.video.xstream/?function=showSearch&amp;params=0&amp;site=serienstream_to&amp;title=Suche&searchterm={showname}",
							{"keyboard": "{originaltitle}"},
							{"dialog": "Auto"},
							{"season": "{season}"},
							{"episode": "{episode}"}
                          ]
}

