{
	"name" 				: "[COLORmagenta]Streamen[/COLOR]",
	"plugin" 			: "plugin.video.xstream",
	"priority"          : 600,
	"language"          : "de",
	"is_resolvable"     : "true",
	"assert"            :{
							"play_movie":       ["title", "year"],
							"play_episode":     ["showname", "season", "episode"],
							"search_movie":     ["title"],
							"search_episode":   ["showname"]  
						},
	"fallback"			:{
							"play_movie": "xS_GlobalSearch.json search_movie",
							"play_episode": "xS_GlobalSearch.json search_episode"
						},
    "play_movie" 		:[
							"plugin://plugin.video.xstream/?function=showSearch&site=streamen",
							{"keyboard": "{showname}"},
							{"title": "{showname}"}
						],
	"play_episode" 		:[
							"plugin://plugin.video.xstream/?function=showSearch&site=streamen",
							{"keyboard": "{showname}"},
							{"title": "(?i)^(\\[.*\\])?{showname}(\\[.*\\])?$"},
							{"return": "true", "season": "{season}", "episode": "{episode}"},
							{"season": "{season}"},
							{"season": "{season}", "episode": "{episode}"}
						]
}

