{
    "name"              : "[COLORlime]VoD Huhu[/COLOR]",
	"plugin" 			: "plugin.video.xstream",
	"priority"          : 250,
	"language"          : "de",
	"is_resolvable"     : "true",
	"assert"            :{
							"play_movie":       ["title", "year"],
							"search_movie":     ["title"] 
						},
	"fallback"			:{
							"play_episode": "xS_GlobalSearch.json search_episode"
						},
    "play_movie" 		:[
							"plugin://plugin.video.xstream/?function=showSearchMovies&site=vod_huhu",
							{"keyboard": "{showname}"},
							{"title": "{showname}"}
                        ],						
	"play_episode"      :[
							"plugin://plugin.video.xstream/?function=showSearchSeries&site=vod_huhu",
							{"keyboard": "{showname}"},
							{"title": "{showname}"},
							{"season": "{season}"},
							{"episode": "{episode}"}
                        ]
}

